epoch,time,train/box_loss,train/cls_loss,train/dfl_loss,metrics/precision(B),metrics/recall(B),metrics/mAP50(B),metrics/mAP50-95(B),val/box_loss,val/cls_loss,val/dfl_loss,lr/pg0,lr/pg1,lr/pg2
1,8.63709,1.3756,4.36513,1.42623,0,0,0,0,1.42152,4.28703,1.40813,0.000154598,0.000154598,0.000154598
2,35.5422,1.31184,3.88335,1.3706,0.02769,0.34404,0.18977,0.07563,1.60215,3.57387,1.52739,0.000307062,0.000307062,0.000307062
3,43.0507,1.37136,3.2656,1.41316,0.69398,0.22494,0.22562,0.12515,1.69502,2.39697,1.62977,0.000453243,0.000453243,0.000453243
4,50.0978,1.36213,2.9754,1.37771,0.78334,0.23946,0.23011,0.1515,1.63249,2.22704,1.59282,0.000447726,0.000447726,0.000447726
5,57.2176,1.38935,2.68002,1.40469,0.80414,0.26281,0.25186,0.14726,1.6524,2.24638,1.61986,0.000438301,0.000438301,0.000438301
6,64.3767,1.29728,2.63237,1.39182,0.76407,0.31041,0.29758,0.18185,1.64757,2.13639,1.61445,0.000428876,0.000428876,0.000428876
7,71.6876,1.3418,2.55005,1.37483,0.79111,0.27707,0.29999,0.18258,1.60557,2.08603,1.5532,0.000419451,0.000419451,0.000419451
8,78.7719,1.26177,2.3646,1.34084,0.85625,0.27779,0.33669,0.20672,1.65462,1.86994,1.60315,0.000410026,0.000410026,0.000410026
9,85.9824,1.28588,2.2033,1.32882,0.86256,0.32511,0.34613,0.20768,1.62332,1.86227,1.55406,0.000400602,0.000400602,0.000400602
10,93.1439,1.30975,2.24501,1.33281,0.78466,0.34436,0.31377,0.19402,1.61655,1.98721,1.5446,0.000391177,0.000391177,0.000391177
11,100.16,1.21249,2.05387,1.27196,0.85181,0.35571,0.34869,0.21232,1.6419,1.94852,1.55736,0.000381752,0.000381752,0.000381752
12,107.272,1.20378,2.01339,1.27925,0.82334,0.31915,0.30955,0.20314,1.60034,1.96609,1.54529,0.000372327,0.000372327,0.000372327
13,114.404,1.24423,2.02337,1.26677,0.82651,0.30221,0.35287,0.23097,1.57811,1.99106,1.5075,0.000362902,0.000362902,0.000362902
14,121.319,1.1589,1.84653,1.24325,0.85208,0.34351,0.3402,0.23348,1.59644,1.91777,1.49742,0.000353478,0.000353478,0.000353478
15,128.413,1.10077,1.72916,1.20715,0.88664,0.30204,0.32273,0.20712,1.64323,1.85328,1.54891,0.000344053,0.000344053,0.000344053
16,135.56,1.12556,1.79932,1.23376,0.83742,0.30885,0.34823,0.21597,1.65131,1.84063,1.55943,0.000334628,0.000334628,0.000334628
17,142.615,1.12237,1.81217,1.23906,0.88875,0.27332,0.36841,0.24571,1.60765,1.73695,1.52648,0.000325203,0.000325203,0.000325203
18,149.697,1.1604,1.76893,1.26028,0.88811,0.3104,0.37544,0.24583,1.65549,1.8244,1.55844,0.000315778,0.000315778,0.000315778
19,156.788,1.05456,1.59123,1.212,0.90267,0.30952,0.36752,0.24837,1.672,1.73212,1.56018,0.000306354,0.000306354,0.000306354
20,163.932,1.07485,1.64877,1.18702,0.8193,0.35718,0.38104,0.24346,1.65187,1.69816,1.53942,0.000296929,0.000296929,0.000296929
21,170.906,1.12319,1.58469,1.20826,0.82986,0.36089,0.39829,0.26212,1.59966,1.76279,1.52747,0.000287504,0.000287504,0.000287504
22,177.874,1.08278,1.60674,1.21078,0.72968,0.40104,0.3903,0.26694,1.69778,1.88616,1.6218,0.000278079,0.000278079,0.000278079
23,184.702,1.03427,1.59799,1.19381,0.72665,0.38226,0.40074,0.25213,1.64777,1.75235,1.56931,0.000268654,0.000268654,0.000268654
24,191.806,1.01907,1.48674,1.15998,0.48141,0.38652,0.38424,0.2392,1.63503,1.72342,1.53042,0.00025923,0.00025923,0.00025923
25,198.822,1.03008,1.41136,1.17527,0.77643,0.3231,0.37505,0.2368,1.60454,1.69679,1.49603,0.000249805,0.000249805,0.000249805
26,205.754,1.03073,1.49183,1.1567,0.7435,0.36858,0.38605,0.26066,1.58699,1.78042,1.49478,0.00024038,0.00024038,0.00024038
27,212.74,1.0379,1.49048,1.18328,0.71264,0.34813,0.38337,0.26273,1.57674,1.77708,1.48642,0.000230955,0.000230955,0.000230955
28,219.662,0.97224,1.36244,1.12757,0.70613,0.40276,0.4023,0.26228,1.60284,1.74074,1.50754,0.00022153,0.00022153,0.00022153
29,226.511,1.01896,1.42723,1.14645,0.60868,0.37199,0.39665,0.24607,1.62656,1.78404,1.51157,0.000212106,0.000212106,0.000212106
30,233.489,0.90715,1.29505,1.11293,0.61167,0.34722,0.38764,0.25115,1.63102,1.80999,1.5186,0.000202681,0.000202681,0.000202681
31,240.323,0.96051,1.34088,1.16379,0.60444,0.33602,0.38441,0.25667,1.64151,1.8683,1.56323,0.000193256,0.000193256,0.000193256
32,247.375,0.93038,1.33703,1.12197,0.63091,0.36439,0.38679,0.2661,1.63272,1.8438,1.54818,0.000183831,0.000183831,0.000183831
33,254.287,0.92776,1.26207,1.12565,0.73779,0.32431,0.37915,0.25586,1.67017,1.91202,1.58403,0.000174406,0.000174406,0.000174406
34,261.292,0.97754,1.35211,1.11858,0.58426,0.38531,0.37804,0.2625,1.65682,1.84096,1.545,0.000164982,0.000164982,0.000164982
35,268.295,0.95963,1.25671,1.09954,0.82414,0.30799,0.37465,0.26088,1.60241,1.7114,1.5014,0.000155557,0.000155557,0.000155557
36,275.24,0.88457,1.17093,1.08784,0.69762,0.3643,0.37955,0.26724,1.60132,1.72913,1.50484,0.000146132,0.000146132,0.000146132
37,282.329,0.92711,1.2366,1.09773,0.7279,0.37799,0.37723,0.27078,1.61086,1.77263,1.51899,0.000136707,0.000136707,0.000136707
38,289.347,0.93382,1.18435,1.10984,0.52075,0.37836,0.37163,0.26132,1.6394,1.77632,1.54572,0.000127282,0.000127282,0.000127282
39,296.381,0.92039,1.17127,1.08769,0.49078,0.38185,0.37124,0.25385,1.65978,1.79203,1.56702,0.000117858,0.000117858,0.000117858
40,303.371,0.87662,1.21492,1.07656,0.49638,0.39398,0.3782,0.2555,1.66005,1.75131,1.54642,0.000108433,0.000108433,0.000108433
41,310.117,0.86584,1.35486,1.07577,0.62836,0.34654,0.36344,0.24328,1.71325,1.80718,1.62278,9.9008e-05,9.9008e-05,9.9008e-05
42,316.756,0.86723,1.34353,1.04803,0.71938,0.34437,0.37479,0.25825,1.6878,1.84443,1.58545,8.95832e-05,8.95832e-05,8.95832e-05
43,323.418,0.83804,1.34985,1.03947,0.63725,0.35338,0.37927,0.25665,1.67123,1.82678,1.58228,8.01584e-05,8.01584e-05,8.01584e-05
44,330.05,0.81572,1.23108,1.03057,0.62572,0.37049,0.38638,0.26046,1.65146,1.84789,1.55608,7.07336e-05,7.07336e-05,7.07336e-05
45,336.775,0.79012,1.21937,1.02306,0.64308,0.3411,0.38262,0.26314,1.65703,1.87384,1.55703,6.13088e-05,6.13088e-05,6.13088e-05
46,343.668,0.77428,1.19423,0.99798,0.64041,0.33688,0.38308,0.26107,1.66787,1.88562,1.57905,5.1884e-05,5.1884e-05,5.1884e-05
47,350.311,0.78342,1.1936,1.02142,0.6196,0.35887,0.3715,0.25916,1.66829,1.86693,1.57719,4.24592e-05,4.24592e-05,4.24592e-05
48,356.896,0.78165,1.20514,1.02433,0.68397,0.31951,0.37949,0.26118,1.6639,1.83602,1.56461,3.30344e-05,3.30344e-05,3.30344e-05
49,363.674,0.77737,1.19836,1.01066,0.71583,0.36718,0.38158,0.26767,1.66748,1.8299,1.5666,2.36096e-05,2.36096e-05,2.36096e-05
50,370.438,0.7817,1.19603,0.99603,0.70731,0.37145,0.37862,0.26808,1.67608,1.80812,1.58504,1.41848e-05,1.41848e-05,1.41848e-05
